{
  "project_info": {
    "project_number": "853058038640",
    "firebase_url": "https://sukhmay-admin-default-rtdb.firebaseio.com",
    "project_id": "sukhmay-admin",
    "storage_bucket": "sukhmay-admin.appspot.com"
  },
  "client": [
    {
      "client_info": {
        "mobilesdk_app_id": "1:853058038640:android:26095be28de1ebb6b37db5",
        "android_client_info": {
          "package_name": "com.garima.sukhmayadmin"
        }
      },
      "oauth_client": [],
      "api_key": [
        {
          "current_key": "AIzaSyDbusPDhNedSgx6JGH_9ZkYUy00RFk8Kss"
        }
      ],
      "services": {
        "appinvite_service": {
          "other_platform_oauth_client": []
        }
      }
    },
    {
      "client_info": {
        "mobilesdk_app_id": "1:853058038640:android:3df74feede6ff679b37db5",
        "android_client_info": {
          "package_name": "com.garima.sukhmayfoundation"
        }
      },
      "oauth_client": [],
      "api_key": [
        {
          "current_key": "AIzaSyDbusPDhNedSgx6JGH_9ZkYUy00RFk8Kss"
        }
      ],
      "services": {
        "appinvite_service": {
          "other_platform_oauth_client": []
        }
      }
    }
  ],
  "configuration_version": "1"
}